[{"model": "auth.permission", "pk": 1, "fields": {"name": "Can add log entry", "content_type": 1, "codename": "add_logentry"}}, {"model": "auth.permission", "pk": 2, "fields": {"name": "Can change log entry", "content_type": 1, "codename": "change_logentry"}}, {"model": "auth.permission", "pk": 3, "fields": {"name": "Can delete log entry", "content_type": 1, "codename": "delete_logentry"}}, {"model": "auth.permission", "pk": 4, "fields": {"name": "Can view log entry", "content_type": 1, "codename": "view_logentry"}}, {"model": "auth.permission", "pk": 5, "fields": {"name": "Can add permission", "content_type": 2, "codename": "add_permission"}}, {"model": "auth.permission", "pk": 6, "fields": {"name": "Can change permission", "content_type": 2, "codename": "change_permission"}}, {"model": "auth.permission", "pk": 7, "fields": {"name": "Can delete permission", "content_type": 2, "codename": "delete_permission"}}, {"model": "auth.permission", "pk": 8, "fields": {"name": "Can view permission", "content_type": 2, "codename": "view_permission"}}, {"model": "auth.permission", "pk": 9, "fields": {"name": "Can add group", "content_type": 3, "codename": "add_group"}}, {"model": "auth.permission", "pk": 10, "fields": {"name": "Can change group", "content_type": 3, "codename": "change_group"}}, {"model": "auth.permission", "pk": 11, "fields": {"name": "Can delete group", "content_type": 3, "codename": "delete_group"}}, {"model": "auth.permission", "pk": 12, "fields": {"name": "Can view group", "content_type": 3, "codename": "view_group"}}, {"model": "auth.permission", "pk": 13, "fields": {"name": "Can add user", "content_type": 4, "codename": "add_user"}}, {"model": "auth.permission", "pk": 14, "fields": {"name": "Can change user", "content_type": 4, "codename": "change_user"}}, {"model": "auth.permission", "pk": 15, "fields": {"name": "Can delete user", "content_type": 4, "codename": "delete_user"}}, {"model": "auth.permission", "pk": 16, "fields": {"name": "Can view user", "content_type": 4, "codename": "view_user"}}, {"model": "auth.permission", "pk": 17, "fields": {"name": "Can add content type", "content_type": 5, "codename": "add_contenttype"}}, {"model": "auth.permission", "pk": 18, "fields": {"name": "Can change content type", "content_type": 5, "codename": "change_contenttype"}}, {"model": "auth.permission", "pk": 19, "fields": {"name": "Can delete content type", "content_type": 5, "codename": "delete_contenttype"}}, {"model": "auth.permission", "pk": 20, "fields": {"name": "Can view content type", "content_type": 5, "codename": "view_contenttype"}}, {"model": "auth.permission", "pk": 21, "fields": {"name": "Can add session", "content_type": 6, "codename": "add_session"}}, {"model": "auth.permission", "pk": 22, "fields": {"name": "Can change session", "content_type": 6, "codename": "change_session"}}, {"model": "auth.permission", "pk": 23, "fields": {"name": "Can delete session", "content_type": 6, "codename": "delete_session"}}, {"model": "auth.permission", "pk": 24, "fields": {"name": "Can view session", "content_type": 6, "codename": "view_session"}}, {"model": "auth.permission", "pk": 25, "fields": {"name": "Can add student details", "content_type": 7, "codename": "add_studentdetails"}}, {"model": "auth.permission", "pk": 26, "fields": {"name": "Can change student details", "content_type": 7, "codename": "change_studentdetails"}}, {"model": "auth.permission", "pk": 27, "fields": {"name": "Can delete student details", "content_type": 7, "codename": "delete_studentdetails"}}, {"model": "auth.permission", "pk": 28, "fields": {"name": "Can view student details", "content_type": 7, "codename": "view_studentdetails"}}, {"model": "auth.permission", "pk": 29, "fields": {"name": "Can add feedback", "content_type": 8, "codename": "add_feedback"}}, {"model": "auth.permission", "pk": 30, "fields": {"name": "Can change feedback", "content_type": 8, "codename": "change_feedback"}}, {"model": "auth.permission", "pk": 31, "fields": {"name": "Can delete feedback", "content_type": 8, "codename": "delete_feedback"}}, {"model": "auth.permission", "pk": 32, "fields": {"name": "Can view feedback", "content_type": 8, "codename": "view_feedback"}}, {"model": "auth.permission", "pk": 33, "fields": {"name": "Can add leave request", "content_type": 9, "codename": "add_leaverequest"}}, {"model": "auth.permission", "pk": 34, "fields": {"name": "Can change leave request", "content_type": 9, "codename": "change_leaverequest"}}, {"model": "auth.permission", "pk": 35, "fields": {"name": "Can delete leave request", "content_type": 9, "codename": "delete_leaverequest"}}, {"model": "auth.permission", "pk": 36, "fields": {"name": "Can view leave request", "content_type": 9, "codename": "view_leaverequest"}}, {"model": "auth.permission", "pk": 37, "fields": {"name": "Can add course", "content_type": 10, "codename": "add_course"}}, {"model": "auth.permission", "pk": 38, "fields": {"name": "Can change course", "content_type": 10, "codename": "change_course"}}, {"model": "auth.permission", "pk": 39, "fields": {"name": "Can delete course", "content_type": 10, "codename": "delete_course"}}, {"model": "auth.permission", "pk": 40, "fields": {"name": "Can view course", "content_type": 10, "codename": "view_course"}}, {"model": "auth.permission", "pk": 41, "fields": {"name": "Can add payment", "content_type": 11, "codename": "add_payment"}}, {"model": "auth.permission", "pk": 42, "fields": {"name": "Can change payment", "content_type": 11, "codename": "change_payment"}}, {"model": "auth.permission", "pk": 43, "fields": {"name": "Can delete payment", "content_type": 11, "codename": "delete_payment"}}, {"model": "auth.permission", "pk": 44, "fields": {"name": "Can view payment", "content_type": 11, "codename": "view_payment"}}, {"model": "auth.permission", "pk": 45, "fields": {"name": "Can add fee structure", "content_type": 12, "codename": "add_feestructure"}}, {"model": "auth.permission", "pk": 46, "fields": {"name": "Can change fee structure", "content_type": 12, "codename": "change_feestructure"}}, {"model": "auth.permission", "pk": 47, "fields": {"name": "Can delete fee structure", "content_type": 12, "codename": "delete_feestructure"}}, {"model": "auth.permission", "pk": 48, "fields": {"name": "Can view fee structure", "content_type": 12, "codename": "view_feestructure"}}, {"model": "auth.permission", "pk": 49, "fields": {"name": "Can add outstanding dues", "content_type": 13, "codename": "add_outstandingdues"}}, {"model": "auth.permission", "pk": 50, "fields": {"name": "Can change outstanding dues", "content_type": 13, "codename": "change_outstandingdues"}}, {"model": "auth.permission", "pk": 51, "fields": {"name": "Can delete outstanding dues", "content_type": 13, "codename": "delete_outstandingdues"}}, {"model": "auth.permission", "pk": 52, "fields": {"name": "Can view outstanding dues", "content_type": 13, "codename": "view_outstandingdues"}}, {"model": "auth.permission", "pk": 53, "fields": {"name": "Can add hostel fee details", "content_type": 14, "codename": "add_hostelfeedetails"}}, {"model": "auth.permission", "pk": 54, "fields": {"name": "Can change hostel fee details", "content_type": 14, "codename": "change_hostelfeedetails"}}, {"model": "auth.permission", "pk": 55, "fields": {"name": "Can delete hostel fee details", "content_type": 14, "codename": "delete_hostelfeedetails"}}, {"model": "auth.permission", "pk": 56, "fields": {"name": "Can view hostel fee details", "content_type": 14, "codename": "view_hostelfeedetails"}}, {"model": "auth.permission", "pk": 57, "fields": {"name": "Can add student fee receipt", "content_type": 15, "codename": "add_studentfeereceipt"}}, {"model": "auth.permission", "pk": 58, "fields": {"name": "Can change student fee receipt", "content_type": 15, "codename": "change_studentfeereceipt"}}, {"model": "auth.permission", "pk": 59, "fields": {"name": "Can delete student fee receipt", "content_type": 15, "codename": "delete_studentfeereceipt"}}, {"model": "auth.permission", "pk": 60, "fields": {"name": "Can view student fee receipt", "content_type": 15, "codename": "view_studentfeereceipt"}}, {"model": "auth.permission", "pk": 61, "fields": {"name": "Can add subject", "content_type": 16, "codename": "add_subject"}}, {"model": "auth.permission", "pk": 62, "fields": {"name": "Can change subject", "content_type": 16, "codename": "change_subject"}}, {"model": "auth.permission", "pk": 63, "fields": {"name": "Can delete subject", "content_type": 16, "codename": "delete_subject"}}, {"model": "auth.permission", "pk": 64, "fields": {"name": "Can view subject", "content_type": 16, "codename": "view_subject"}}, {"model": "auth.permission", "pk": 65, "fields": {"name": "Can add mark", "content_type": 17, "codename": "add_mark"}}, {"model": "auth.permission", "pk": 66, "fields": {"name": "Can change mark", "content_type": 17, "codename": "change_mark"}}, {"model": "auth.permission", "pk": 67, "fields": {"name": "Can delete mark", "content_type": 17, "codename": "delete_mark"}}, {"model": "auth.permission", "pk": 68, "fields": {"name": "Can view mark", "content_type": 17, "codename": "view_mark"}}, {"model": "auth.user", "pk": 1, "fields": {"password": "pbkdf2_sha256$870000$SEzdkofhNiN8YsfqN2C5XB$eUUy75Q017XU37tSbYbHJHTOmRNs25oDunAUKwRNpCc=", "last_login": "2024-10-16T06:48:57.262Z", "is_superuser": true, "username": "Admin", "first_name": "", "last_name": "", "email": "", "is_staff": true, "is_active": true, "date_joined": "2024-08-08T13:33:48.968Z", "groups": [], "user_permissions": []}}, {"model": "auth.user", "pk": 2, "fields": {"password": "pbkdf2_sha256$870000$pDFxSRPhpcy8yfDZjPVvJE$kC7kKh2aHoknVnfRDirulv2pApkBK3hCngr1HKRvIeA=", "last_login": "2024-10-16T06:43:32.952Z", "is_superuser": false, "username": "akhilab", "first_name": "", "last_name": "", "email": "", "is_staff": false, "is_active": true, "date_joined": "2024-08-08T13:42:33.519Z", "groups": [], "user_permissions": []}}, {"model": "auth.user", "pk": 3, "fields": {"password": "pbkdf2_sha256$870000$2UWW1SO8wSMMgVbudRTYdl$QMa2LPkXDL+zkZhbXbubgvwXF9TJGN6G/LldbOanbxQ=", "last_login": "2024-08-09T04:56:03.473Z", "is_superuser": false, "username": "Amina", "first_name": "", "last_name": "", "email": "", "is_staff": false, "is_active": true, "date_joined": "2024-08-09T04:40:40.817Z", "groups": [], "user_permissions": []}}, {"model": "auth.user", "pk": 4, "fields": {"password": "pbkdf2_sha256$870000$WbfHBgkY6nlFEPUf5YNtj7$Vyg6eUHIvC9jxd93lwZImZxej/EQtQ+KES/kUDTOWOU=", "last_login": null, "is_superuser": false, "username": "Rohith", "first_name": "", "last_name": "", "email": "", "is_staff": false, "is_active": true, "date_joined": "2024-08-09T04:42:04.135Z", "groups": [], "user_permissions": []}}, {"model": "auth.user", "pk": 5, "fields": {"password": "pbkdf2_sha256$870000$xi8Hoio5r3U5qy8W2V3VqK$4REBabu6UpOdC6M9ZHCn5JbwkIR/ptjZcUEJgjsR1iQ=", "last_login": "2024-08-09T04:44:03.545Z", "is_superuser": false, "username": "Abhisha", "first_name": "", "last_name": "", "email": "", "is_staff": false, "is_active": true, "date_joined": "2024-08-09T04:43:49.009Z", "groups": [], "user_permissions": []}}, {"model": "auth.user", "pk": 6, "fields": {"password": "pbkdf2_sha256$870000$glG7mv1zg1DKV7VZVt4c7B$pIen3hyA9Oo3EW3QI9hKRa3WRZy5Mw8dzAuz+BWoYGI=", "last_login": "2024-08-09T04:50:58.121Z", "is_superuser": false, "username": "Aravind", "first_name": "", "last_name": "", "email": "", "is_staff": false, "is_active": true, "date_joined": "2024-08-09T04:48:40.123Z", "groups": [], "user_permissions": []}}, {"model": "auth.user", "pk": 7, "fields": {"password": "pbkdf2_sha256$870000$jzYpL7rptcfrFgNzqwjUcH$qseJgQScvjiB8uiEEAmSi+Wm2vb4MSS112D/ppIdydw=", "last_login": "2024-08-09T04:49:23.743Z", "is_superuser": false, "username": "Anamika", "first_name": "", "last_name": "", "email": "", "is_staff": false, "is_active": true, "date_joined": "2024-08-09T04:48:54.700Z", "groups": [], "user_permissions": []}}, {"model": "auth.user", "pk": 8, "fields": {"password": "pbkdf2_sha256$870000$Tr0lYrttqjXb697MrgVLDy$nDdhWtQpYHazez+V6xj+4BkT1prYiWVevIrCtV2+Nbc=", "last_login": "2024-08-09T04:53:58.602Z", "is_superuser": false, "username": "Nafia", "first_name": "", "last_name": "", "email": "", "is_staff": false, "is_active": true, "date_joined": "2024-08-09T04:52:18.305Z", "groups": [], "user_permissions": []}}, {"model": "auth.user", "pk": 9, "fields": {"password": "pbkdf2_sha256$870000$SdbFxsvuwckZIP4DgfRTBv$YOjenqcLnyqr0Kvww/ZPxwchTB+k7Kp6b0+psWrpV/I=", "last_login": "2024-08-09T04:53:00.213Z", "is_superuser": false, "username": "Adil", "first_name": "", "last_name": "", "email": "", "is_staff": false, "is_active": true, "date_joined": "2024-08-09T04:52:41.688Z", "groups": [], "user_permissions": []}}, {"model": "auth.user", "pk": 10, "fields": {"password": "pbkdf2_sha256$870000$tsSEa71lR7zenO9JGkbXuc$Dx5TSTbbfW5P6r2BzWt3SY/1YYQuEExVN6zJKMc8CQU=", "last_login": "2024-08-09T04:59:02.273Z", "is_superuser": false, "username": "Neethu", "first_name": "", "last_name": "", "email": "", "is_staff": false, "is_active": true, "date_joined": "2024-08-09T04:57:25.873Z", "groups": [], "user_permissions": []}}, {"model": "auth.user", "pk": 11, "fields": {"password": "pbkdf2_sha256$870000$ajTEeLMypTQ3cMsjyiDy8X$3beDxjLXu7RZlflleFimwSekFZZBjUSfghJwDMSEabY=", "last_login": null, "is_superuser": false, "username": "Sayuj", "first_name": "", "last_name": "", "email": "", "is_staff": false, "is_active": true, "date_joined": "2024-08-09T04:57:47.584Z", "groups": [], "user_permissions": []}}, {"model": "auth.user", "pk": 12, "fields": {"password": "pbkdf2_sha256$870000$rw6CkXHDJJHLQ7NVJLfpq1$ezgYO6y62Mk+IB6hvBpf4dqnr4WN4UffyGH8JweiukI=", "last_login": null, "is_superuser": false, "username": "Harikrishnan", "first_name": "", "last_name": "", "email": "", "is_staff": false, "is_active": true, "date_joined": "2024-08-09T04:58:09.501Z", "groups": [], "user_permissions": []}}, {"model": "auth.user", "pk": 13, "fields": {"password": "pbkdf2_sha256$870000$RDfXpwzSerP1yn57zO1RQ8$rEZGX0pzsFHaOQ1VX1tGSiyaGrJCYRWBhLBddHi3iYs=", "last_login": "2024-08-12T18:19:07.547Z", "is_superuser": false, "username": "heleena", "first_name": "", "last_name": "", "email": "", "is_staff": false, "is_active": true, "date_joined": "2024-08-10T11:48:07.552Z", "groups": [], "user_permissions": []}}, {"model": "auth.user", "pk": 14, "fields": {"password": "pbkdf2_sha256$870000$6ETUHaZDfEQJWlfoCY3yWe$10AxUkNHE9VvXCG0XzV37sJFHbd/0UekvSTXOfqKb/4=", "last_login": "2024-10-16T06:11:02.547Z", "is_superuser": false, "username": "meghna", "first_name": "", "last_name": "", "email": "", "is_staff": false, "is_active": true, "date_joined": "2024-08-10T13:34:54.650Z", "groups": [], "user_permissions": []}}, {"model": "contenttypes.contenttype", "pk": 1, "fields": {"app_label": "admin", "model": "logentry"}}, {"model": "contenttypes.contenttype", "pk": 2, "fields": {"app_label": "auth", "model": "permission"}}, {"model": "contenttypes.contenttype", "pk": 3, "fields": {"app_label": "auth", "model": "group"}}, {"model": "contenttypes.contenttype", "pk": 4, "fields": {"app_label": "auth", "model": "user"}}, {"model": "contenttypes.contenttype", "pk": 5, "fields": {"app_label": "contenttypes", "model": "contenttype"}}, {"model": "contenttypes.contenttype", "pk": 6, "fields": {"app_label": "sessions", "model": "session"}}, {"model": "contenttypes.contenttype", "pk": 7, "fields": {"app_label": "smsapp", "model": "studentdetails"}}, {"model": "contenttypes.contenttype", "pk": 8, "fields": {"app_label": "smsapp", "model": "feedback"}}, {"model": "contenttypes.contenttype", "pk": 9, "fields": {"app_label": "smsapp", "model": "leaverequest"}}, {"model": "contenttypes.contenttype", "pk": 10, "fields": {"app_label": "smsapp", "model": "course"}}, {"model": "contenttypes.contenttype", "pk": 11, "fields": {"app_label": "smsapp", "model": "payment"}}, {"model": "contenttypes.contenttype", "pk": 12, "fields": {"app_label": "smsapp", "model": "feestructure"}}, {"model": "contenttypes.contenttype", "pk": 13, "fields": {"app_label": "smsapp", "model": "outstandingdues"}}, {"model": "contenttypes.contenttype", "pk": 14, "fields": {"app_label": "smsapp", "model": "hostelfeedetails"}}, {"model": "contenttypes.contenttype", "pk": 15, "fields": {"app_label": "smsapp", "model": "studentfeereceipt"}}, {"model": "contenttypes.contenttype", "pk": 16, "fields": {"app_label": "smsapp", "model": "subject"}}, {"model": "contenttypes.contenttype", "pk": 17, "fields": {"app_label": "smsapp", "model": "mark"}}, {"model": "sessions.session", "pk": "28low4j3a94of02ncotskp085can6sdz", "fields": {"session_data": ".eJxVjEEOwiAQRe_C2hCmDLZ16b5nIMMwSNVAUtqV8e7apAvd_vfefylP25r91mTxc1QXBer0uwXih5QdxDuVW9Vcy7rMQe-KPmjTU43yvB7u30Gmlr81dwnsOSEQEqdEjIaiOGAIFHp0znbCMuKArjfJsDVoAohldgOwG9X7AwMaOD8:1sdaIP:S1xT3wpWGjA9DZ1xS6tqAJ_b3tWofxNxY47pOTT-1v8", "expire_date": "2024-08-26T19:01:33.189Z"}}, {"model": "sessions.session", "pk": "to1ex2qjn2ujiyez67e6z1df0j4vwzsw", "fields": {"session_data": ".eJxVjEEOwiAQRe_C2hCmDLZ16b5nIMMwSNVAUtqV8e7apAvd_vfefylP25r91mTxc1QXBer0uwXih5QdxDuVW9Vcy7rMQe-KPmjTU43yvB7u30Gmlr81dwnsOSEQEqdEjIaiOGAIFHp0znbCMuKArjfJsDVoAohldgOwG9X7AwMaOD8:1scn2m:5bFKtKdafluhXwIAg2bom3-E2CBRuAQm76rybdEXRhE", "expire_date": "2024-08-24T14:26:08.089Z"}}, {"model": "sessions.session", "pk": "uh6xpur68uey77svgc81q4f3o1q098md", "fields": {"session_data": ".eJxVjDsOwjAQBe_iGlm2d_2jpOcMlj9rHECOFCcV4u4QKQW0b2bei4W4rS1sg5YwFXZmip1-txTzg_oOyj3228zz3NdlSnxX-EEHv86FnpfD_TtocbRvncjZRCihgrLGayiQIbqsrBMZSCMlUhUSiqqM014UAx50lUpaRIfs_QHZAjbu:1scI29:aV8aTMzmEHsWgG4DVNqqB3RxF61S8XrFaHTGlpQbDts", "expire_date": "2024-08-23T05:19:25.882Z"}}, {"model": "sessions.session", "pk": "wg5w2mp6ixdw6azq6ie9lb3j0oxad34i", "fields": {"session_data": ".eJxVjDsOwjAQBe_iGln2Ov5R0nMGa-3d4ABypDipEHeHSCmgfTPzXiLhtta0dV7SROIstBGn3zFjeXDbCd2x3WZZ5rYuU5a7Ig_a5XUmfl4O9--gYq_fOnAAHLxhyxGiN4pJW_AOB7A6GgYidC666GGEAJBHpYJGq7Wn4i2L9wfepTbz:1scka6:wu6IUrNhky67Y9EYpQ2sAlrztXLgiAHzJ7Q_BVlpJe8", "expire_date": "2024-08-24T11:48:22.641Z"}}, {"model": "sessions.session", "pk": "xibnyaocz4x2sdt4ospq8p7aniho6oz6", "fields": {"session_data": ".eJxVjEsOwjAMBe-SNYoauyExS_Y9Q-XYKS2gROpnhbg7VOoCtm9m3sv0vK1jvy157ic1F-Nac_odE8sjl53oncutWqllnadkd8UedLFd1fy8Hu7fwcjL-K2FEiaFgOSQzr4JcQAE7wAUI2VsaRAcom8c-JRBlH1DElhCUOGI5v0B4Ug3fQ:1t0kir:GWh75oRzYR2j2v6MRCXYj122T8MYnPqdQPKBy-xcjwc", "expire_date": "2024-10-29T16:48:37.769Z"}}, {"model": "smsapp.course", "pk": 1, "fields": {"name": "MSc Computer Science"}}, {"model": "smsapp.course", "pk": 2, "fields": {"name": "MSc Computer Science (AI)"}}, {"model": "smsapp.course", "pk": 3, "fields": {"name": "MSc Computer Science (ML)"}}, {"model": "smsapp.course", "pk": 4, "fields": {"name": "MTech Computer Science"}}, {"model": "smsapp.studentdetails", "pk": 1, "fields": {"username": 2, "full_name": "Akhil A B", "father_name": "Anil", "mother_name": "Akhila", "age": 25, "gender": "Male", "address": "Pattom", "course_name": 1, "scholarship": "E-grants", "admission_date": "2023-08-01", "admission_number": "100001", "hosteler": false}}, {"model": "smsapp.studentdetails", "pk": 2, "fields": {"username": 5, "full_name": "Abhisha S", "father_name": "Satheesh", "mother_name": "Surabhi", "age": 21, "gender": "Female", "address": "Trivandrum", "course_name": 2, "scholarship": "postgraduate", "admission_date": "2023-07-22", "admission_number": "1245", "hosteler": false}}, {"model": "smsapp.studentdetails", "pk": 3, "fields": {"username": 7, "full_name": "Anamika M", "father_name": "Manikantan", "mother_name": "Malini", "age": 22, "gender": "Female", "address": "Alappuzha", "course_name": 3, "scholarship": "graduate", "admission_date": "2023-07-22", "admission_number": "234", "hosteler": false}}, {"model": "smsapp.studentdetails", "pk": 4, "fields": {"username": 6, "full_name": "Aravind S", "father_name": "Sourav", "mother_name": "Ammu", "age": 22, "gender": "Male", "address": "Trivandrum", "course_name": 4, "scholarship": "E-grants", "admission_date": "2023-07-22", "admission_number": "567", "hosteler": false}}, {"model": "smsapp.studentdetails", "pk": 5, "fields": {"username": 9, "full_name": "Adil", "father_name": "Aslam", "mother_name": "Fathima", "age": 23, "gender": "Male", "address": "Malappuram", "course_name": 1, "scholarship": "E-grants", "admission_date": "2023-07-22", "admission_number": "124", "hosteler": false}}, {"model": "smsapp.studentdetails", "pk": 6, "fields": {"username": 8, "full_name": "Nafia Nazim", "father_name": "Nazim", "mother_name": "Fathima", "age": 23, "gender": "Female", "address": "Trivandrum", "course_name": 1, "scholarship": "E-grants", "admission_date": "2023-07-22", "admission_number": "1289", "hosteler": false}}, {"model": "smsapp.studentdetails", "pk": 7, "fields": {"username": 3, "full_name": "Amina Aslam", "father_name": "Aslam", "mother_name": "Sindhya", "age": 21, "gender": "Female", "address": "Trivandrum", "course_name": 1, "scholarship": "E-grants", "admission_date": "2023-07-22", "admission_number": "197", "hosteler": false}}, {"model": "smsapp.studentdetails", "pk": 8, "fields": {"username": 10, "full_name": "Neethu Sisupal S D", "father_name": " Sisupal", "mother_name": "Dhanya", "age": 23, "gender": "Female", "address": " Trivandrum", "course_name": 2, "scholarship": "postgraduate", "admission_date": "2023-07-22", "admission_number": "653", "hosteler": false}}, {"model": "smsapp.studentdetails", "pk": 9, "fields": {"username": 13, "full_name": "Heleena Christy", "father_name": "Christy", "mother_name": "Amala", "age": 22, "gender": "Female", "address": "Kollam", "course_name": 1, "scholarship": "graduate", "admission_date": "2023-07-22", "admission_number": "743", "hosteler": true}}, {"model": "smsapp.studentdetails", "pk": 10, "fields": {"username": 14, "full_name": "Meghna P", "father_name": "Prakash", "mother_name": "Arya", "age": 24, "gender": "Female", "address": "Malappuram", "course_name": 3, "scholarship": "graduate", "admission_date": "2023-07-22", "admission_number": "5983", "hosteler": true}}, {"model": "smsapp.studentdetails", "pk": 11, "fields": {"username": 2, "full_name": "Akhil A B", "father_name": "Anil", "mother_name": "Bindhu", "age": 21, "gender": "Male", "address": "Trivandrum", "course_name": 1, "scholarship": "E-grants", "admission_date": "2023-07-22", "admission_number": "123", "hosteler": true}}, {"model": "smsapp.studentdetails", "pk": 12, "fields": {"username": 2, "full_name": "Akhil A B", "father_name": "Anil", "mother_name": "Bindhu", "age": 21, "gender": "Male", "address": "Trivandrum", "course_name": 1, "scholarship": "E-grants", "admission_date": "2023-07-22", "admission_number": "1167", "hosteler": true}}, {"model": "smsapp.feedback", "pk": 1, "fields": {"student_name": 1, "title": "Fresher day", "content": "Very Good."}}, {"model": "smsapp.feedback", "pk": 2, "fields": {"student_name": 2, "title": "complaint", "content": "Lab system no 21 not working\r\n"}}, {"model": "smsapp.leaverequest", "pk": 1, "fields": {"student_name": 1, "subject": "Fever", "from_date": "2024-08-07", "to_date": "2024-08-10", "status": "Approved"}}, {"model": "smsapp.leaverequest", "pk": 2, "fields": {"student_name": 2, "subject": "Fever", "from_date": "2024-08-01", "to_date": "2024-08-05", "status": "Pending"}}, {"model": "smsapp.leaverequest", "pk": 3, "fields": {"student_name": 7, "subject": "Fever", "from_date": "2024-08-02", "to_date": "2024-08-02", "status": "Approved"}}, {"model": "smsapp.leaverequest", "pk": 4, "fields": {"student_name": 10, "subject": "Infection", "from_date": "2024-08-12", "to_date": "2024-08-13", "status": "Pending"}}, {"model": "smsapp.hostelfeedetails", "pk": 1, "fields": {"student": 1, "fee_amount": "0.00", "fee_receipt": "", "receipt_uploaded_at": "2024-08-10T11:15:30.174Z"}}, {"model": "smsapp.hostelfeedetails", "pk": 2, "fields": {"student": 9, "fee_amount": "0.00", "fee_receipt": "", "receipt_uploaded_at": "2024-08-10T11:49:26.180Z"}}, {"model": "smsapp.hostelfeedetails", "pk": 3, "fields": {"student": 10, "fee_amount": "0.00", "fee_receipt": "", "receipt_uploaded_at": "2024-08-10T13:36:44.153Z"}}, {"model": "smsapp.studentfeereceipt", "pk": 1, "fields": {"student": 9, "receipt_file": ""}}, {"model": "smsapp.studentfeereceipt", "pk": 2, "fields": {"student": 9, "receipt_file": ""}}, {"model": "smsapp.studentfeereceipt", "pk": 3, "fields": {"student": 9, "receipt_file": "fee_receipts/Vacancies_1.xls"}}, {"model": "smsapp.studentfeereceipt", "pk": 4, "fields": {"student": 9, "receipt_file": "fee_receipts/Database_-_Sheet1_2.pdf"}}, {"model": "smsapp.studentfeereceipt", "pk": 5, "fields": {"student": 9, "receipt_file": "fee_receipts/Database_-_Sheet1_2.pdf"}}, {"model": "smsapp.studentfeereceipt", "pk": 6, "fields": {"student": 10, "receipt_file": ""}}, {"model": "smsapp.studentfeereceipt", "pk": 7, "fields": {"student": 9, "receipt_file": ""}}, {"model": "smsapp.studentfeereceipt", "pk": 8, "fields": {"student": 9, "receipt_file": "fee_receipts/ralyov3g.png"}}, {"model": "smsapp.studentfeereceipt", "pk": 9, "fields": {"student": 9, "receipt_file": ""}}, {"model": "smsapp.subject", "pk": 1, "fields": {"subject_name": "Database Laboratory", "subject_code": "CCS-CC-524", "semester": 2, "course_name": "MSc Computer Science"}}, {"model": "smsapp.subject", "pk": 2, "fields": {"subject_name": "Case Study", "subject_code": "CCS-CC-535", "semester": 3, "course_name": "MSc Computer Science"}}, {"model": "smsapp.subject", "pk": 3, "fields": {"subject_name": "Principles of Computing", "subject_code": "CCS-CC-514", "semester": 1, "course_name": "MSc Computer Science"}}, {"model": "smsapp.subject", "pk": 4, "fields": {"subject_name": "Web Technology", "subject_code": "CCS-CC-513", "semester": 1, "course_name": "MSc Computer Science"}}, {"model": "smsapp.subject", "pk": 5, "fields": {"subject_name": "Advanced Computer Networks", "subject_code": "CCS-CC-515", "semester": 1, "course_name": "MSc Computer Science"}}, {"model": "smsapp.subject", "pk": 6, "fields": {"subject_name": "Database Systems for Big Data", "subject_code": "CCS-CC-522", "semester": 2, "course_name": "MSc Computer Science"}}, {"model": "smsapp.mark", "pk": 1, "fields": {"subject": 1, "student": "100001", "marks_obtained": 90.0}}]